0,0,NzJVV,xl
0,0,nur0p,xl
0,0,iLKeL,xl
0,0,DZ4M0,m
0,0,R9ziw,xl
0,0,BSdAn,xl
0,0,x1QYd,xl
0,0,HiRGD,xl
0,0,1JDBy,xl
0,0,rM5YZ,xl
0,0,U0zxp,m
0,0,IJzJi,xl
0,0,VeL0g,xl
0,0,aDrle,xl
0,0,OY9oJ,xl
0,0,MXoN0,xl
0,0,Y5ueg,xl
0,0,Vq1Y0,xl
0,0,BpmeZ,m
0,0,RhnEE,xl
0,0,3p7lJ,xl
0,0,9mrHl,m
0,0,ttYjm,xl
0,0,mo57r,m
0,0,o8n8t,xl
0,0,APYjk,xl
0,0,KBD77,xl
0,0,zwk7S,xl
0,0,eoNnj,xl
0,0,JRbjB,xl
0,0,z7kc3,xl
0,0,crKpX,xl
0,0,ONac3,xl
0,0,VJCKA,xl
0,0,DjPSQ,xl
0,0,pKX2F,xl
0,0,T19pe,xl
0,0,D473b,xl
0,0,IhFRJ,xl
0,0,gy7lt,xl
0,0,hXr5t,xl
0,0,dE4F9,xl
0,0,oyvGq,xl
0,0,YtaZc,xl
0,0,2xZAM,xl
0,0,9qGfc,xl
0,0,nE5GZ,xl
0,0,zYLsT,xl
0,0,KFpPJ,xl
0,0,Ezm66,xl
0,0,vOrHs,xl
0,0,ZLXEG,xl
0,0,DIpWk,xl
0,0,xuxzw,xl
0,0,ocpDC,xl
0,0,qpX43,xl
0,0,vAhHz,xl
0,0,Go5uz,xl
0,0,csXMi,xl
0,0,552JF,xl
0,0,y0ULs,xl
0,0,CS9RQ,xl
0,0,44IDA,xl
0,0,hErIW,xl
0,0,G279F,xl
0,0,Ewy2l,xl
0,0,Pqm5q,xl
0,0,dPzZw,xl
0,0,Bfu0H,xl
0,0,pm4tv,xl
0,0,gVKpG,xl
0,0,SAieR,xl
0,0,qe2F5,xl
0,0,k1gci,m
0,0,njbal,m
0,0,YExph,xl
0,0,Vx0nm,xl
0,0,mtC1z,xl
0,0,7G9Jv,xl
0,0,RcCGt,xl
0,0,2uifN,xl
0,0,k7e22,xl
0,0,5MGAw,xl
0,0,qh1Op,m
0,0,zc3em,xl
0,0,EOkNN,xl
0,0,wK6BT,xl
0,0,RTfuL,xl
0,0,eDMTn,xl
0,0,NnA8q,xl
0,0,Tc3sr,xl
0,0,7TiXC,xl
0,0,DASbD,xl
0,0,Llyuy,xl
0,0,O3DS0,xl
0,0,Vg2Ny,xl
0,0,wS46R,xl
0,0,ggq6N,xl
0,0,aAF3J,xl
0,0,qDCgc,m
0,0,TFadv,xl
0,0,1saOH,xl
0,0,WQGMi,xl
0,0,zuWDu,xl
0,0,wGs7c,xl
0,0,5AbuL,xl
0,0,Vte5B,xl
0,0,m0OTG,xl
0,0,kh6nc,xl
1,1,XkRgN,xl
1,1,OK4v0,xl
1,1,05Rw2,xl
1,1,arlFs,xl
1,1,goH8R,xl
1,1,l9pSd,xl
1,1,ngTe8,xl
1,1,MDH7T,m
1,1,h6xDI,xl
1,1,W0rrh,xl
1,1,MM46P,xl
1,1,GWmOR,m
1,1,KJvRz,xl
1,1,tFuUM,xl
1,1,4kx6f,m
1,1,urxOf,xl
1,1,2Gx91,xl
1,1,cZIP6,xl
1,1,Xdyhn,xl
1,1,voP6z,xl
1,1,Z6wAx,xl
1,1,obTsp,xl
1,1,JoUz1,xl
1,1,OEFRw,xl
1,1,E6EPU,xl
1,1,O8KOQ,xl
1,1,2EcZE,xl
1,1,LGL68,xl
1,1,uyi2p,m
1,1,F98gR,m
1,1,WJJSY,m
1,1,Hs1tI,m
1,1,OTJj1,xl
1,1,B3vNk,xl
1,1,laFhy,xl
1,1,5f8ST,m
1,1,Kn97R,xl
1,1,Gds3V,m
1,1,aysnz,xl
1,1,ahnnE,xl
1,1,aPHUB,m
1,1,eYl8D,xl
1,1,XAfbu,xl
1,1,zA5f1,xl
1,1,t0COP,xl
1,1,Zz7Te,xl
1,1,5k0QD,xl
1,1,JagOw,m
1,1,vB4jn,xl
1,1,V1IdX,xl
1,1,0pIvN,xl
1,1,kf1wO,xl
1,1,xyVcZ,xl
1,1,5t5QV,xl
1,1,qvGoW,xl
1,1,LPF6J,xl
1,1,dzeRM,xl
1,1,vIEI7,xl
1,2,ZulkL,m
1,2,Xvpfi,s
1,2,chVOG,xl
1,2,S6Hd9,xl
1,2,mMKai,xl
1,2,EnhYT,xl
1,2,0Rz6d,m
1,2,2HOIJ,m
1,3,gBvVl,xl
1,3,hbv28,xl
1,3,FrXjJ,xl
1,3,VsnYr,xl
1,3,BbHtU,xl
1,4,A5yVy,xl
1,4,ra1fv,m
1,4,k6VqZ,m
1,4,5e8eE,m
1,4,Il8az,xl
1,4,0D3uE,m
1,4,rJeJG,m
1,4,lFNN0,xl
1,4,RbC3s,xl
1,4,rW9AZ,xl
1,4,XYNgG,xl
1,4,unXp4,xl
1,4,V8QPP,xl
1,5,JlUgY,m
1,5,eOHgQ,m
1,5,WcMzR,xl
1,5,WS7Qv,xl
1,5,pl4Tk,xl
1,5,8MWa8,xl
1,5,MA2I2,xl
1,5,PuZfN,xl
1,5,g4oER,xl
1,5,QpOzU,xl
1,5,cjoFc,m
1,6,5G1o4,m
1,6,nBjni,xl
1,6,LSe2q,m
1,6,2LIUA,m
1,6,PanQ4,xl
1,6,YMkiM,m
1,6,0RW6z,xl
1,6,VLukX,xl
1,6,XaxyZ,m
1,6,kHYTL,xl
1,6,KHCzG,xl
1,6,XAl8I,xl
1,6,pxwez,xl
1,6,MWkbg,xl
1,6,Coi1a,xl
1,6,oNT57,xl
1,6,KuP0S,xl
1,6,SMx5v,xl
1,6,hmkP9,xl
1,6,BLmqc,xl
1,6,p4Qb5,xl
1,6,u0qq3,xl
1,6,SQvh9,xl
1,6,sgkXH,m
1,6,SLvEV,m
1,6,01aHb,xl
1,6,0Lj8F,xl
1,6,q3S4U,xl
1,6,GTpT1,m
1,6,1h7qc,xl
1,6,tizib,xl
2,7,fH0hJ,m
2,7,4URl2,xl
2,7,54F97,m
2,7,cVikh,xl
2,7,Xj1XX,m
2,7,6rAle,m
2,7,E7TS9,xl
2,7,6h3fv,m
2,7,rW1V2,xl
2,7,ukmYn,xl
2,7,n3Hcg,xl
2,7,b8m3j,m
2,7,SFw03,m
2,7,q6qZA,m
2,7,Ay55d,xl
2,7,depTM,xl
2,7,sEUU2,xl
2,7,CgmrK,xl
2,7,PoKmJ,xl
2,7,ozGdf,xl
2,7,TVnI5,xl
2,7,WEfiQ,xl
2,7,WM44j,xl
2,7,omuHg,xl
2,7,gjumu,xl
2,7,jarY0,xl
2,7,N92eJ,xl
2,7,hDmHO,xl
2,7,xlswU,xl
2,7,Coost,xl
2,7,1ubse,xl
2,7,c7atB,xl
2,7,o8Ma7,xl
2,8,SokBC,xl
2,8,ZS0wa,xl
2,8,ovIBy,xl
2,8,QHAwx,m
2,8,l1y7X,xl
2,8,iXUN4,xl
2,8,fsexT,m
2,8,I0BpU,m
2,8,SRLL3,xl
2,8,SViEI,xl
2,8,5gOq3,xl
2,8,RoE44,xl
2,8,Z3Nzk,xl
2,8,N5Puv,m
2,8,OpQkL,xl
2,8,2RwLD,xl
2,8,nJvLO,xl
2,8,UDVGR,xl
2,8,gCH4k,xl
2,8,CSqzG,xl
2,8,HE29L,xl
2,8,sSLLz,xl
2,8,gVdSv,xl
2,8,U0tng,xl
2,8,aYYmZ,xl
2,8,Ajeg0,xl
2,8,VH71n,xl
2,8,SDy00,xl
2,8,DEZ5Q,xl
2,8,GWMrJ,xl
2,8,2Aoe7,xl
2,8,CKK7d,xl
2,8,7zAXS,xl
2,8,QlYoz,xl
2,8,FMDgF,xl
2,9,s4DeO,xl
2,9,cNvvo,xl
2,9,BwHNY,xl
2,9,RW7fA,xl
2,9,5YKcv,m
2,9,pNzeU,m
2,10,42uRc,xl
2,10,Dhnyk,xl
2,10,YP0MW,xl
2,10,omk1Q,xl
2,10,XL3FE,xl
2,10,8pw7L,xl
2,10,ZCCVO,xl
2,10,lo3fm,xl
2,10,qJJSc,xl
2,10,9Fhps,xl
2,10,awWCV,xl
2,10,BK8zJ,xl
2,10,Rrx3d,xl
2,10,K1oB0,xl
2,10,dink2,m
2,10,2WnAC,xl
2,10,ZJA2Q,xl
2,10,GQhZZ,xl
2,10,8CLwZ,xl
2,10,dBCFe,m
2,10,Zb7Nb,xl
2,11,fsYX5,m
2,11,Ocmrd,s
2,11,VBVAw,m
2,11,L2X4t,m
2,11,MTi9H,xl
2,11,FIDvH,xl
2,11,aPJyJ,xl
2,11,UElAu,xl
2,11,ielZ8,xl
2,11,7H7Z0,xl
2,11,Ph1XF,xl
2,11,Jy5s5,xl
2,11,zO88l,xl
2,11,1G49B,xl
2,11,8M3Ub,xl
2,11,qNPKh,xl
2,12,JQ4c5,xl
2,12,a9Yr1,xl
2,12,hq8cc,m
2,12,cGhsA,m
2,12,kyZOm,m
2,12,x1JKE,m
2,12,eCJ9z,m
2,12,jUW0J,xl
2,12,H8smp,xl
2,12,MZWpv,m
2,12,SMnl3,xl
2,12,UNgLN,xl
2,12,5bo2E,xl
2,13,MIFrW,xl
2,13,1WwaF,m
2,13,3cGjM,xl
2,13,9861m,xl
2,13,3lPlJ,m
2,13,B2sIQ,m
2,13,w50bl,xl
2,13,OnpUe,m
2,13,oTfRD,xl
2,13,WNHdo,xl
2,13,5fhHn,m
2,13,QR6Xo,xl
2,13,kpLkR,xl
2,13,UXjkO,xl
2,13,oC6eN,xl
2,13,u4MQg,m
2,13,XXbjX,xl
2,13,JkJoA,xl
2,13,iGLwt,xl
2,14,aRrGT,xl
2,14,Mnqod,m
2,14,y3IuE,xl
2,14,OxVOX,xl
2,14,hlqCU,xl
2,14,FqEu6,xl
2,14,Ks4ZX,m
2,14,2KWHx,xl
2,14,Erj8d,xl
2,14,Qxgzz,m
2,14,owRU0,m
2,14,mBljJ,xl
2,14,wrrie,xl
2,14,2dKpm,xl
2,14,a9H7W,xl
2,14,cJXAc,xl
2,14,Z8C62,xl
2,14,k2OUN,xl
2,14,i3Gyr,xl
2,14,tFgGF,xl
2,14,CSjNL,m
2,14,4OTm4,xl
2,14,1peby,xl
2,14,B5fcI,xl
2,14,9d6mG,xl
2,14,0Ewzr,xl
2,14,NOiBe,m
2,14,fbRrB,xl
2,14,BIJAu,xl
2,14,1m2uQ,xl
2,14,08FXJ,xl
2,14,AvBQ1,xl
2,14,2BG8j,xl
2,14,ipFA2,xl
2,14,tGqY4,xl
2,14,TU6Xh,xl
2,14,C9LIz,xl
2,14,KYrHS,xl
2,14,tKlxe,xl
2,14,3Zn46,xl
2,14,QIJ0Z,xl
2,14,85zz5,xl
2,14,BIFFM,xl
2,14,QLR8f,xl
2,14,nxmtx,xl
2,14,38cLV,xl
2,14,u0qUn,xl
2,14,aI5XK,xl
2,14,i8n1H,xl
2,14,wVqqE,xl
2,15,uWtSH,xl
2,15,7bSri,xl
2,15,lyFRl,xl
2,15,d4Xhy,xl
2,15,1gBz1,xl
2,15,FsAkk,xl
2,15,k8SHa,m
2,15,vRHzC,xl
2,15,fNVUW,xl
2,15,0xE72,xl
2,15,PwpK5,xl
2,15,Ui3np,xl
2,15,1lyue,xl
2,15,ZIPgL,xl
2,15,Dd0xq,xl
2,15,1lQJY,xl
2,15,Q2OeJ,xl
2,15,Klom3,xl
2,15,aSrT5,xl
2,15,Um8rP,xl
2,15,ru8R8,xl
2,15,9nf7t,xl
2,15,mS1eV,xl
2,15,QYTlR,xl
2,15,5MY8e,xl
2,15,P2pU2,xl
2,15,p37Qk,xl
2,15,sFn9j,xl
2,15,v6SMt,xl
2,15,D7im4,xl
2,15,JRIKZ,xl
2,15,2mNJ5,m
2,15,wF59f,xl
2,15,1O3pf,xl
2,15,Iryw3,xl
2,15,d7Biv,xl
2,15,ZD4Xl,xl
2,15,Tir9T,xl
2,15,1zYY6,xl
2,15,2hgQ0,xl
2,15,Ci1dV,xl
2,15,lPKoA,xl
2,15,O8KF4,xl
2,15,LdnxQ,xl
2,15,w4KRg,xl
2,15,dOY9d,xl
2,15,e8Sl9,xl
2,15,k1S5F,xl
2,15,z9PUZ,xl
2,15,DvALa,xl
2,15,Ivycb,xl
2,15,BNpW9,xl
2,15,rUBek,xl
2,15,hHx8r,xl
2,15,r1rgn,xl
2,15,PsSx7,m
2,15,ZH5C8,xl
2,15,82loJ,xl
2,15,SRQpY,xl
2,15,Ehwlc,xl
2,15,pwhxq,xl
2,15,uAquz,xl
2,15,q4fna,xl
2,15,zhafS,xl
2,15,oYOjN,xl
2,15,xfhWD,xl
2,15,mslup,xl
2,15,VprYW,xl
2,15,zqPoU,xl
2,15,bMyW9,xl
2,15,O12l4,xl
2,16,YmGB0,m
2,16,ib5PG,m
2,16,tYFzr,xl
2,16,2Tpoe,m
2,16,iRCPf,xl
2,16,CunqI,xl
2,16,e0utN,xl
2,16,sENtE,xl
2,16,5kE2y,xl
2,16,znv35,xl
2,16,6rhh5,xl
2,16,N3qh5,xl
2,16,A0Bxv,xl
2,16,CXlnZ,xl
2,16,LG94e,xl
2,16,uhAP3,xl
2,16,OQh3S,xl
2,16,XQWh5,xl
2,16,MYkpA,xl
2,16,QX8Dh,m
2,16,XR12R,xl
2,16,0Sf83,xl
2,16,i7zLJ,xl
2,16,FiExk,xl
2,16,xiUqM,xl
2,16,1KHKs,xl
2,16,ad4e7,xl
2,16,ARtBd,xl
2,16,M0HJ6,xl
2,16,HUtd2,xl
2,16,PVXeQ,xl
2,16,8qrlc,xl
2,16,TwZbg,xl
2,16,1bfqW,xl
2,16,MeV0B,xl
2,16,SFull,m
2,16,zMdD0,xl
2,16,eXGcg,xl
2,16,7CYyD,xl
2,16,k1SQO,xl
2,16,6F4co,xl
2,16,oqo4Q,xl
2,16,PwPYc,xl
2,16,g0GGa,xl
2,16,kRUm3,m
2,16,MrtEq,xl
2,16,aWy3a,xl
2,16,gAUe1,xl
2,16,n3TCz,xl
2,16,niSEj,xl
2,16,HUjOO,xl
2,16,5oxjd,xl
2,16,DNka4,xl
2,16,33yex,xl
2,16,nY48c,xl
2,16,AWKdl,xl
2,16,K59zc,xl
2,16,30L9P,xl
2,16,fiKpK,xl
2,16,oUFop,m
2,16,nmDYF,xl
2,16,usnNd,m
2,16,W2jma,m
2,16,4ZY8S,m
2,16,oh2SO,xl
2,16,f3Fp4,xl
2,16,l1lng,xl
2,16,Nj4wz,xl
2,16,RRxKO,xl
2,16,A0UiV,xl
2,16,INQSo,xl
2,16,fmZuH,xl
2,16,ztNzp,xl
2,16,JwdUr,xl
2,16,row3b,xl
2,16,6dsCI,xl
2,16,FO56D,xl
2,16,3TYiE,xl
2,16,6YvqL,xl
2,16,Cg6Mz,xl
2,16,rV79H,xl
2,16,BCd6O,xl
2,16,3kAx2,xl
2,16,UnFBw,xl
2,16,i5l50,m
2,16,xFgP1,xl
2,16,T3qtj,xl
2,16,5WiIP,xl
3,17,i1A7q,m
3,17,s7hA0,m
3,17,NRFfz,xl
3,17,VixYZ,m
3,17,4nqkL,xl
3,17,UQjeO,xl
3,17,OJzyy,xl
3,17,lE5cU,xl
3,17,1sFp8,xl
3,17,IeDky,xl
3,17,NlH0I,xl
3,17,6jj6I,xl
3,17,RVCU9,xl
3,17,cpwV3,xl
3,17,sq2td,xl
3,17,LqfC7,xl
3,17,eBipk,xl
3,17,mnaex,xl
3,17,0Zncx,xl
3,17,MRSd3,xl
3,17,TIMJm,xl
3,18,lrOjl,m
3,18,MSwaP,xl
3,18,unUZf,m
3,18,YtIVp,xl
3,18,85EEv,xl
3,18,vkdoI,xl
3,19,2rsay,m
3,19,q2OXh,m
3,19,dEIMF,m
3,19,AFWNQ,m
3,19,DXjzD,xl
3,19,6Kn4N,xl
3,19,lJwwI,xl
3,19,CO4Nv,xl
3,19,gPOWS,xl
3,20,DCho6,xl
3,20,qqPLi,m
3,20,5Q7fV,m
3,20,fN2aQ,m
3,20,9mSd9,xl
3,20,6m3Zs,m
3,20,vqLsw,xl
3,20,ORpvF,xl
3,20,1eeXx,m
3,20,H4DNy,xl
3,20,TXMEj,xl
3,20,yryjM,xl
3,20,3QkN0,xl
3,20,Cz4vr,xl
3,20,hmmNv,xl
3,20,Vlefo,xl
3,20,s7sgM,xl
3,20,Xdfzo,xl
3,20,IOhvq,xl
3,20,YeUuP,xl
3,20,ho9zk,xl
3,20,RRjIe,xl
3,20,LDNiS,xl
3,20,NnzCe,xl
3,20,NQypY,xl
3,20,Y18Xw,xl
3,20,AtNsz,xl
3,21,4Rb4E,xl
3,21,MPFYH,m
3,21,orFqQ,xl
3,21,jn0zP,xl
3,21,YL2IA,xl
3,21,wxEMH,m
3,21,VFfxB,xl
3,21,jrXzC,xl
3,21,ddIxg,xl
3,21,LMZ3J,m
3,21,hoatw,xl
3,21,dEKsV,xl
3,21,hgzCr,xl
3,21,MP02l,m
3,21,ncvBy,xl
3,21,3KvVZ,xl
3,21,uKv4A,xl
3,21,Hso9x,xl
3,21,udcFQ,xl
3,21,n6Xj6,m
3,21,8WXks,m
3,21,XdbQd,xl
3,22,giOZh,xl
3,22,sESC5,s
3,22,VS7ML,m
3,22,tfQ1C,m
3,22,sFLH2,m
3,22,Mv1Pg,m
3,22,z29GO,m
3,22,qVZvi,xl
3,22,CtrA9,xl
3,23,OwR6k,m
3,23,xwU6k,m
3,23,X2lVN,xl
3,23,kMFxa,s
3,23,NB2Fh,xl
3,23,InPit,xl
3,23,V94N5,xl
3,23,WBGTL,xl
3,23,MkIPt,xl
3,23,2jVjs,xl
4,24,3CwMV,m
4,24,et2Yh,xl
4,24,2hEhh,xl
4,24,bXHLS,xl
4,24,aO1lM,xl
4,24,qCDAx,xl
4,24,ulPEj,xl
4,24,HHMB5,xl
4,24,wX1oH,xl
4,24,Xbl7V,xl
4,24,7oNuY,xl
4,24,r9HWB,xl
4,24,8wmJT,xl
4,24,SFzZY,xl
4,24,U4UP4,xl
4,24,dISJh,xl
4,24,rX5qj,xl
4,24,i6nHs,xl
4,25,7KPCR,m
4,25,6b3MB,m
4,25,iAWP7,xl
4,25,8YMGa,xl
4,25,kJZOL,m
4,25,uzVtI,xl
4,25,y3sfJ,m
4,25,7fguW,xl
4,25,RJBbe,xl
4,25,Z7QAI,xl
4,25,TaJrU,xl
4,25,EwP1Y,xl
4,25,fDwB4,xl
4,25,KPU6R,m
4,25,hDN89,m
4,25,wsnsI,m
4,25,nr1Us,xl
4,25,L1SOI,xl
4,25,BnmJG,xl
4,25,QwxeQ,xl
4,25,CXr2b,xl
4,25,II7em,xl
4,25,Z5gHA,xl
4,25,bXOvJ,xl
4,25,ELXwX,m
4,25,3grvb,xl
4,25,LeA39,xl
4,25,kvDTD,xl
4,25,VwkJK,xl
4,25,t8chR,xl
4,25,s7asw,xl
4,25,oRAd3,xl
4,25,i8AdC,xl
4,25,2avuR,xl
4,25,swFNN,xl
4,25,bIklh,xl
4,25,QJNYy,xl
4,25,rkMKt,xl
4,25,94QuH,xl
4,25,p574L,xl
4,25,SO33O,xl
4,25,wjNtk,xl
4,25,w53X1,xl
4,25,FszSK,xl
4,25,BkXrC,xl
4,25,tTU2g,m
4,25,JLGo7,xl
4,25,A1yZq,xl
4,25,we1qp,xl
4,25,ixyjd,xl
4,25,XeZAd,xl
4,25,1F2XW,xl
4,25,2Bmw9,xl
4,25,NaxDX,xl
4,25,A1VQA,xl
4,25,no9St,xl
4,25,JPPMf,xl
4,25,N67e0,xl
4,25,Hv3K3,xl
4,25,1zCQ5,xl
4,26,5AU8m,xl
4,26,plmNy,xl
4,26,yqwQe,xl
4,26,5N8g8,xl
4,27,Kjy4h,xl
4,27,BjWWX,m
4,27,p3SVt,xl
4,27,qLMQM,xl
4,27,5vlzS,xl
4,27,2IgOL,xl
4,27,8wnqF,xl
4,27,CAXbA,xl
4,27,M80L0,xl
4,27,oMhlV,xl
4,27,FdyYX,xl
4,27,SOTcV,xl
4,27,0L2w2,xl
4,27,nTUK9,xl
4,27,dPFTg,xl
4,27,dJYfJ,xl
4,27,dV0Vo,xl
4,27,4Ssd1,xl
4,27,bxQpz,m
4,27,G19Dl,xl
4,27,8MeiI,xl
4,27,RnvFr,xl
4,27,zmeNS,xl
4,27,KH8xA,xl
4,27,E41Un,xl
4,27,Q8CjB,xl
4,27,sSR4c,xl
4,27,Voctl,xl
4,27,ZU80K,xl
4,27,AobUh,xl
4,27,U0Kmh,xl
4,27,IKlAN,xl
4,27,S26qg,xl
4,27,tX8GU,xl
4,27,KRMAi,xl
4,27,jIGtq,xl
4,27,NPzLd,xl
4,27,WyveA,xl
4,27,ZROyn,xl
4,27,LZud2,xl
4,27,v1fFO,xl
4,27,fZjvR,xl
4,27,NbkyS,xl
4,27,9Q9yD,xl
4,27,WaLAI,xl
4,27,mF6Ob,xl
4,27,NZWhs,xl
4,27,KcqV7,xl
4,27,fSo27,xl
4,27,9p2lZ,xl
4,27,85DZw,xl
4,27,8bcYr,xl
4,27,uY3wM,xl
4,27,DGXgO,xl
4,27,mKpZa,xl
4,27,TKTe1,xl
4,27,wRguf,xl
4,27,jLLa4,xl
4,27,kTEhr,xl
4,27,y7Ikk,xl
4,27,gLmR3,xl
4,27,vJK33,xl
4,27,lNaAr,xl
4,27,UXSjY,xl
4,27,5mATT,xl
4,27,PG6uR,xl
4,27,ntDWs,xl
4,27,55tyu,xl
4,27,FD3oe,xl
4,27,QYutx,xl
4,27,c47Hi,xl
4,27,W7XhS,xl
4,27,C2hEu,xl
4,27,ctgZe,xl
4,27,vqy9w,xl
4,27,jbEGg,xl
4,27,o2wCF,xl
4,27,UDKwR,xl
4,27,JhPWy,xl
4,27,PDThc,xl
4,27,qLytg,xl
4,27,KprR1,xl
4,27,vSy1q,xl
4,27,u5Qge,xl
4,27,vAElO,xl
4,27,ihTeo,xl
4,27,Thq1k,xl
4,27,hLCL6,xl
4,27,9AnOU,xl
4,27,TS60D,xl
4,27,DyOsP,xl
4,27,6UYLD,xl
4,27,EA0BU,xl
4,28,jO3Rt,xl
4,28,To9bm,xl
4,28,BAAjp,xl
4,28,aFJSZ,xl
4,28,ROXKj,m
4,28,Ljqxu,m
4,28,SbzXm,xl
4,28,MMHIG,xl
4,28,RdFdG,xl
4,28,nEJTz,xl
4,28,kCX0n,xl
4,28,4XVqa,xl
4,28,Rv8dU,xl
4,28,T8lI2,xl
4,28,VhMAU,xl
5,30,CLkNL,xl
5,30,YgcEl,xl
5,30,KBlZV,xl
5,30,TSOnF,xl
5,30,U5PyH,xl
5,30,lfTw3,xl
5,30,fbzdf,xl
5,30,sDvtP,xl
5,30,v9HHC,xl
5,30,puQBw,xl
5,30,xMEQL,xl
5,30,3yhYa,xl
5,30,o9Frj,xl
5,30,Zo5Xj,xl
5,30,ShVVH,xl
5,30,hcQpn,xl
5,30,3iK1V,xl
5,30,LrODo,xl
5,30,SdUsC,xl
5,31,LXi2g,xl
5,31,Z5j3N,xl
5,31,xBOIF,xl
5,31,9zrXH,m
5,31,bzCwS,xl
5,31,HY5fQ,m
5,31,ThJs8,xl
5,31,b8GGz,m
5,31,WCr2y,m
5,31,nVsgK,m
5,31,fjfgv,m
5,31,OqRSn,xl
5,31,MN8Wu,xl
5,31,ziV4f,xl
5,31,etqLY,xl
5,31,60OiE,m
5,32,3gLOH,xl
5,32,nExts,xl
5,32,LLLvK,m
5,32,MgdXc,xl
5,32,ZmExU,xl
5,32,wzztd,xl
5,32,pUAoz,m
5,32,PN3vO,m
5,32,1IlD1,m
5,32,EcXYm,xl
5,32,s8i1I,xl
5,32,MiJOS,m
5,32,dn1eo,xl
5,32,7o7GL,xl
5,32,6r0hG,xl
5,34,dJwzy,xl
5,34,tMmBu,xl
5,34,wz9a2,m
5,34,CzDJp,xl
5,34,ndto2,m
5,34,8hvrO,m
5,34,SCVA4,m
5,34,zWZAw,xl
5,34,HSOIw,xl
5,34,sR2XQ,xl
5,34,28FbV,m
5,34,kK57U,xl
5,34,6Qq5v,xl
5,34,DYE8C,xl
5,34,x71fO,xl
5,34,hve4P,xl
5,34,vv7FQ,xl
5,34,0rLL8,xl
5,34,4rmoN,xl
6,35,JQkmW,xl
6,35,WWNtR,xl
6,35,sstg2,xl
6,35,lJ87w,xl
6,36,Y7I3H,xl
6,36,nPpvF,xl
6,36,b0Rj8,m
6,36,CgVXv,m
6,36,srzr9,m
6,36,uAgED,xl
6,36,1T6DJ,m
6,36,JtaTi,xl
6,36,x29Ss,xl
6,36,gGAt8,xl
6,36,zJKU1,xl
6,36,D7HdH,xl
6,36,bvFqP,xl
6,36,qMaCC,xl
6,36,3DIxJ,xl
6,37,MOHWD,xl
6,37,bLJ8Q,m
6,37,WXD3W,xl
6,37,fXGyK,xl
6,37,HBney,xl
6,37,5tiNP,xl
6,38,5AGSW,xl
6,38,HDwIN,m
7,39,6ld9y,m
7,39,PNymQ,xl
7,39,vo5zQ,xl
7,39,xewpq,xl
7,39,JSwdQ,xl
7,39,k7aj4,m
7,39,NCrM7,xl
7,39,5mVVw,xl
7,39,vZQkQ,xl
7,39,7shqo,xl
7,40,g1I4x,xl
7,40,WzHyU,xl
7,40,PGz9b,xl
7,40,nuZ5L,xl
7,40,njDS3,xl
7,40,jb64l,xl
7,40,cdTH3,xl
7,40,yZwz5,xl
7,40,uXgjh,xl
7,41,KyuPm,m
7,41,Sy2ow,xl
7,41,8VAE7,xl
7,41,Lpe1p,xl
7,41,lzmI3,xl
7,41,ebSMz,xl
7,41,xyutC,xl
7,41,kfJJN,m
7,41,VWhIf,m
7,41,Kff40,xl
7,41,BzJMs,xl
7,41,383sx,xl
7,41,4SvIJ,xl
7,41,GMqsp,xl
7,42,A35Ct,xl
7,42,dXIMX,m
7,42,jTnwz,m
7,42,KptZQ,m
7,42,9lyK8,xl
7,42,1Wbai,xl
7,42,rMYtS,m
7,42,sSm9e,xl
7,42,VvkkX,xl
7,42,08Dey,xl
7,42,pJWhH,xl
7,42,ABuDG,xl
7,42,yu6uK,xl
7,42,Cd6fY,xl
7,42,ux6ZV,m
7,42,vodom,xl
7,42,5CQEu,m
7,42,1yKXg,xl
7,42,5K6IL,xl
7,42,axBMh,xl
7,42,45C8c,xl
7,43,Vr5ws,xl
7,43,Z0KMD,xl
7,43,vToZs,xl
7,43,Gf17c,xl
7,43,HBuMp,xl
7,43,ttHs8,xl
7,43,CHDhf,xl
7,43,NlUvN,xl
7,43,EBdVN,xl
7,43,vTIyG,xl
7,43,2poLQ,xl
7,43,TQOUl,xl
7,44,QHl4x,xl
7,44,BmdgZ,xl
7,44,izgKy,xl
7,44,0eM3n,xl
7,44,MB8UQ,xl
7,44,7RrDu,xl
7,44,hVEpK,xl
7,44,6JXmo,xl
7,44,S5chQ,xl
7,44,GIsQj,xl
7,44,6fW6E,xl
7,44,6P5lI,xl
7,44,sBKbW,m
7,44,lcwuz,xl
7,44,9ElhS,xl
7,45,kJyQX,xl
7,45,CfTFK,xl
7,45,3p5dW,xl
7,45,j49zC,xl
7,45,tVk0X,xl
7,45,ziBFU,xl
7,45,1vnNJ,xl
7,45,xR9Qi,xl
7,45,8Mnju,xl
7,45,aOOzp,xl
7,45,tEbz9,xl
7,46,cQQMQ,m
7,46,fh5bP,xl
7,46,Rtgbj,xl
7,46,MbAnq,m
7,46,3OVON,m
7,46,oT9gE,m
7,46,CAtZ9,xl
7,46,qCFqX,xl
7,46,YzxDo,xl
7,46,dM0IF,xl
7,46,to3Zq,xl
